"fileName"	"codePtrOffset"	"codePtrType"	"strOffset"	"strBytes"	"strText"	"translation"
"CRUISER.X"	"0290"	"relative"	"0318"	"69 82 82 79 82 32 58 14 36 2 34 13"	"ＥＲＲＯＲ　：[0E][24][02][22]
"	""
"CRUISER.X"	"02C4"	"relative"	"0978"	"13"	"
"	""
"CRUISER.X"	"2270"	"relative"	"2278"	"22 22 32 32"	"[16][16]　　"	""
"CRUISER.X"	"2B84"	"direct"	"2B9A"	"30 216 192 176 221 183 176 30 166 137 159 188 195 137 186 187 178 58"	"リターンキーを押して下さい："	""
"CRUISER.X"	"2B90"	"direct"	"2BAD"	"30 131 102 168 189 184"	"ディスク"	""
"CRUISER.X"	"77E4"	"relative"	"8635"	"13 69 82 82 79 82 32 58 36"	"
ＥＲＲＯＲ　：＄"	""
"CRUISER.X"	"7818"	"relative"	"863F"	"13 82 69 84 82 89 32 58 32 82 69 84 32 111 114 32 69 83 67"	"
ＲＥＴＲＹ　：　ＲＥＴ　ｏｒ　ＥＳＣ"	""
"CRUISER.X"	"7822"	"relative"	"8653"	"13 80 108 101 97 115 101 32 80 117 115 104 32 82 69 83 69 84"	"
Ｐｌｅａｓｅ　Ｐｕｓｈ　ＲＥＳＥＴ"	""
"DEMO.X"	"3AD6"	"relative"	"5939"	"7 10 9 52 2 67 111 110 116 114 111 108 32 109 111 100 101 9 44 6 85 112 32 97 110 100 32 68 111 119 110 58 9 38 8 82 105 103 104 116 32 97 110 100 32 76 101 102 116 58 9 32 10 83 112 101 101 100 32 117 112 32 97 110 100 32 68 111 119 110 58 9 36 12 65 110 97 108 111 103 32 74 111 121 115 116 105 99 107 58 9 58 18 84 101 115 116 32 109 111 100 101 9 56 22 83 111 117 110 100 32 116 101 115 116 9 56 24 77 117 115 105 99 32 116 101 115 116 9 52 26 68 105 115 112 108 97 121 32 99 104 101 99 107"	"[07][0A][09][34][02]Ｃｏｎｔｒｏｌ　ｍｏｄｅ[09][2C][06]Ｕｐ　ａｎｄ　Ｄｏｗｎ：[09][26][08]Ｒｉｇｈｔ　ａｎｄ　Ｌｅｆｔ：[09][20][0A]Ｓｐｅｅｄ　ｕｐ　ａｎｄ　Ｄｏｗｎ：[09][24][0C]Ａｎａｌｏｇ　Ｊｏｙｓｔｉｃｋ：[09][3A][12]Ｔｅｓｔ　ｍｏｄｅ[09][38][16]Ｓｏｕｎｄ　ｔｅｓｔ[09][38][18]Ｍｕｓｉｃ　ｔｅｓｔ[09][34][1A]Ｄｉｓｐｌａｙ　ｃｈｅｃｋ"	""
"DEMO.X"	"5740"	"relative"	"5A9D"	"12"	"
_
"	""
"EVENT.X"	"0AE4"	"relative"	"24A8"	"9 0 1"	"[09][00][01]"	""
"EVENT.X"	"0B6C"	"relative"	"24AC"	"36 15 5 2 34 13"	"＄[0F][05][02][22]
"	""
"EVENT.X"	"0C14"	"relative"	"24B3"	"12"	"
_
"	""
"EVENT.X"	"0CE4"	"relative"	"24B5"	"40 142 99 216 16 2 34 140 194 41 31 12"	"（残り[10][02][22]個）[1F]
_
"	""
"EVENT.X"	"0D9E"	"relative"	"24C2"	"9 0 1"	"[09][00][01]"	""
"EVENT.X"	"0E1A"	"relative"	"24C6"	"131 71 131 108 131 139 131 77 176 43 14 5 2 34 13"	"エネルギー＋[0E][05][02][22]
"	""
"EVENT.X"	"0E2A"	"relative"	"24D6"	"36 14 5 2 34"	"＄[0E][05][02][22]"	""
"EVENT.X"	"0E4A"	"relative"	"24DC"	"131 71 131 108 131 139 131 77 129 91 150 158 131 94 131 147 13 36 15 5 2 34"	"エネルギー満タン
＄[0F][05][02][22]"	""
"EVENT.X"	"0E6A"	"relative"	"24F3"	"131 86 129 91 131 139 131 104 149 226 143 91 13 36 14 5 2 34"	"シールド補充
＄[0E][05][02][22]"	""
"EVENT.X"	"0E86"	"relative"	"2506"	"143 67 151 157 13 36 14 5 2 34"	"修理
＄[0E][05][02][22]"	""
"EVENT.X"	"0FC4"	"relative"	"2511"	"13"	"
"	""
"EVENT.X"	"100C"	"relative"	"2513"	"12"	"
_
"	""
"EVENT.X"	"11EA"	"relative"	"2515"	"40 129 170 129 171 130 197 149 207 141 88 164 82 69 84 85 82 78 130 197 140 136 146 232 41 13"	"（↑↓で変更、ＲＥＴＵＲＮで決定）
"	""
"EVENT.X"	"1200"	"relative"	"2530"	"9 32 0 7 16 2 34 140 194"	"[09][20][00][07][10][02][22]個"	""
"EVENT.X"	"12B8"	"relative"	"253A"	"12"	"
_
"	""
"EVENT.X"	"12C4"	"relative"	"253C"	"13 40 143 138 142 157 139 224 138 122 58 36 15 7 9 170 41"	"
（所持金額：＄[0F][07][09][AA]）"	""
"EVENT.X"	"1B8A"	"relative"	"254E"	"12"	"
_
"	""
"EVENT.X"	"1ED4"	"relative"	"2550"	"12"	"
_
"	""
"EVENT.X"	"1F2C"	"relative"	"2552"	"13"	"
"	""
"EVENT.X"	"235A"	"relative"	"2554"	"13 89 101 115 61 82 69 84 32 47 32 78 111 61 69 83 67 58"	"
Ｙｅｓ＝ＲＥＴ　／　Ｎｏ＝ＥＳＣ："	""
"EVENT.X"	"2382"	"relative"	"2567"	"22 22 18"	"[16][16][12]"	""
"FLIGHT.X"	"207E"	"relative"	"2088"	"11 14 34 9 124"	"[0B][0E][22][09][7C]"	""
"FLIGHT.X"	"2D68"	"relative"	"2F9A"	"11 88 14 36 9 74"	"[0B]Ｘ[0E][24][09][4A]"	""
"FLIGHT.X"	"2D78"	"relative"	"2FA1"	"11 89 14 36 4 82"	"[0B]Ｙ[0E][24][04][52]"	""
"FLIGHT.X"	"2D88"	"relative"	"2FA8"	"11 90 14 36 9 78"	"[0B]Ｚ[0E][24][09][4E]"	""
"FLIGHT.X"	"3034"	"relative"	"5634"	"71 101 116 32 114 101 119 97 114 100 115 58 36 14 4 9 4"	"Ｇｅｔ　ｒｅｗａｒｄｓ：＄[0E][04][09][04]"	""
"FLIGHT.X"	"3044"	"relative"	"3051"	"22 22 22"	"[16][16][16]"	""
"FLIGHT.X"	"3066"	"relative"	"5646"	"82 101 109 97 105 110 32 116 105 109 101 58 14 35 9 196"	"Ｒｅｍａｉｎ　ｔｉｍｅ：[0E][23][09][C4]"	""
"FLIGHT.X"	"3070"	"relative"	"5657"	"20 20 21"	"[14][14][15]"	""
"FLIGHT.X"	"3088"	"relative"	"565B"	"71 101 116 32 65 115 116 101 114 111 105 100"	"Ｇｅｔ　Ａｓｔｅｒｏｉｄ"	""
"FLIGHT.X"	"309A"	"relative"	"30A8"	"22 21"	"[16][15]"	""
"FLIGHT.X"	"30F0"	"relative"	"319A"	"22 22 22 22"	"[16][16][16][16]"	""
"FLIGHT.X"	"36BA"	"relative"	"5668"	"11 82 69 80 65 73 82 13"	"[0B]ＲＥＰＡＩＲ
"	""
"FLIGHT.X"	"36CE"	"relative_lea"	"5677"	"77 65 78 85 65 76 13"	"ＭＡＮＵＡＬ
"	""
"FLIGHT.X"	"36D8"	"relative"	"567F"	"87 65 82 80 13 85 83 69 13 83 84 65 84 85 83 13 69 81 85 73 80 13 82 69 65 68 13 83 67 65 78 13 77 65 80 13 73 78 86 69 78 84 79 82 89 13 70 73 76 69"	"ＷＡＲＰ
ＵＳＥ
ＳＴＡＴＵＳ
ＥＱＵＩＰ
ＲＥＡＤ
ＳＣＡＮ
ＭＡＰ
ＩＮＶＥＮＴＯＲＹ
ＦＩＬＥ"	""
"FLIGHT.X"	"38E0"	"relative"	"56B2"	"13"	"
"	""
"FLIGHT.X"	"3B18"	"relative"	"56B4"	"131 94 176 131 81 131 98 131 103 201 139 223 184 198 149 168 145 204 130 170 145 182 141 221 188 207 190 221 161"	"ターゲットの近くに物体が存在しません。"	""
"FLIGHT.X"	"3BAA"	"relative"	"56D2"	"11 5 78 97 109 101 13 32 13"	"[0B][05]Ｎａｍｅ
　
"	""
"FLIGHT.X"	"3BE2"	"relative"	"56DC"	"11 68 101 102 101 110 99 101 32 112 111 119 101 114 13 32 13 65 116 116 97 99 107 32 112 111 119 101 114 13 32 13 80 114 105 99 101 13 7"	"[0B]Ｄｅｆｅｎｃｅ　ｐｏｗｅｒ
　
Ａｔｔａｃｋ　ｐｏｗｅｒ
　
Ｐｒｉｃｅ
[07]"	""
"FLIGHT.X"	"3C5A"	"relative"	"5708"	"63 63 63 13"	"？？？
"	""
"FLIGHT.X"	"3C70"	"relative"	"570D"	"9 1 3 14 5 2 34"	"[09][01][03][0E][05][02][22]"	""
"FLIGHT.X"	"3C86"	"relative"	"5715"	"9 1 5 14 5 2 34"	"[09][01][05][0E][05][02][22]"	""
"FLIGHT.X"	"3C9C"	"relative"	"571D"	"9 1 7 36 15 5 2 34"	"[09][01][07]＄[0F][05][02][22]"	""
"FLIGHT.X"	"3CC4"	"relative"	"5726"	"84 89 80 69 7 13"	"ＴＹＰＥ[07]
"	""
"FLIGHT.X"	"3CEE"	"relative"	"572D"	"65 115 116 101 114 111 105 100 9 0 1"	"Ａｓｔｅｒｏｉｄ[09][00][01]"	""
"FLIGHT.X"	"3D10"	"relative"	"5739"	"77 105 115 115 105 108 101 9 0 1"	"Ｍｉｓｓｉｌｅ[09][00][01]"	""
"FLIGHT.X"	"3D56"	"relative"	"5744"	"70 105 120 101 100 32 115 116 97 114"	"Ｆｉｘｅｄ　ｓｔａｒ"	""
"FLIGHT.X"	"3D76"	"relative"	"574F"	"83 116 97 114 32 115 104 105 112"	"Ｓｔａｒ　ｓｈｉｐ"	""
"FLIGHT.X"	"3D90"	"relative"	"5759"	"83 116 97 116 105 111 110"	"Ｓｔａｔｉｏｎ"	""
"FLIGHT.X"	"3DA0"	"relative"	"5761"	"83 112 97 99 101 32 99 111 108 111 110 121"	"Ｓｐａｃｅ　ｃｏｌｏｎｙ"	""
"FLIGHT.X"	"3DAA"	"relative"	"576E"	"80 108 97 110 101 116"	"Ｐｌａｎｅｔ"	""
"FLIGHT.X"	"3DB2"	"relative"	"5775"	"9 0 1"	"[09][00][01]"	""
"FLIGHT.X"	"4008"	"relative"	"5779"	"12"	"
_
"	""
"FLIGHT.X"	"416A"	"relative"	"577B"	"12"	"
_
"	""
"FLIGHT.X"	"41E4"	"relative"	"577D"	"9 8 0 78 65 77 69 58 22 22 17"	"[09][08][00]ＮＡＭＥ：[16][16][11]"	""
"FLIGHT.X"	"41EC"	"relative"	"5789"	"9 0 0 88 58 20"	"[09][00][00]Ｘ：[14]"	""
"FLIGHT.X"	"41F4"	"relative"	"5790"	"9 0 1 89 58 20"	"[09][00][01]Ｙ：[14]"	""
"FLIGHT.X"	"41FC"	"relative"	"5797"	"9 0 2 90 58 20"	"[09][00][02]Ｚ：[14]"	""
"FLIGHT.X"	"425C"	"relative"	"57A4"	"9 13 0"	"[09][0D][00]"	""
"FLIGHT.X"	"428C"	"relative"	"4334"	"9 2 0 14 36 2 34"	"[09][02][00][0E][24][02][22]"	""
"FLIGHT.X"	"429A"	"relative"	"433C"	"9 2 1 14 36 2 34"	"[09][02][01][0E][24][02][22]"	""
"FLIGHT.X"	"42A8"	"relative"	"4344"	"9 2 2 14 36 2 34"	"[09][02][02][0E][24][02][22]"	""
"FLIGHT.X"	"454E"	"relative"	"57A8"	"11 82 65 68 65 82 32 119 97 115 32 98 114 111 107 101 110 32 100 111 119 110"	"[0B]ＲＡＤＡＲ　ｗａｓ　ｂｒｏｋｅｎ　ｄｏｗｎ"	""
"FLIGHT.X"	"482A"	"relative"	"57BF"	"131 143 129 91 131 118 189 217 198 202 131 71 131 108 131 139 131 77 129 91 130 170 149 115 145 171 188 195 178 207 189 161"	"ワープするにはエネルギーが不足しています。"	""
"FLIGHT.X"	"500A"	"relative"	"57E0"	"12"	"
_
"	""
"MAZE.X"	"291E"	"relative"	"47FA"	"71 101 116 32 114 101 119 97 114 100 115 58 36 14 4 9 4"	"Ｇｅｔ　ｒｅｗａｒｄｓ：＄[0E][04][09][04]"	""
"MAZE.X"	"292E"	"relative"	"293B"	"22 22 22"	"[16][16][16]"	""
"MAZE.X"	"2950"	"relative"	"480C"	"82 101 109 97 105 110 32 116 105 109 101 58 14 35 9 196"	"Ｒｅｍａｉｎ　ｔｉｍｅ：[0E][23][09][C4]"	""
"MAZE.X"	"295A"	"relative"	"481D"	"22 21"	"[16][15]"	""
"MAZE.X"	"2972"	"relative"	"4820"	"71 101 116 32 65 115 116 101 114 111 105 100"	"Ｇｅｔ　Ａｓｔｅｒｏｉｄ"	""
"MAZE.X"	"2984"	"relative"	"2992"	"22 21"	"[16][15]"	""
"MAZE.X"	"29DA"	"relative"	"2A84"	"22 22 22 22"	"[16][16][16][16]"	""
"MAZE.X"	"335E"	"relative"	"482D"	"11 82 69 80 65 73 82 13 77 79 86 69 13 83 67 65 78 13 85 83 69 13 83 84 65 84 85 83 13 69 81 85 73 80 13 82 69 65 68 13 73 78 86 69 78 84 79 82 89 13 70 73 76 69"	"[0B]ＲＥＰＡＩＲ
ＭＯＶＥ
ＳＣＡＮ
ＵＳＥ
ＳＴＡＴＵＳ
ＥＱＵＩＰ
ＲＥＡＤ
ＩＮＶＥＮＴＯＲＹ
ＦＩＬＥ"	""
"MAZE.X"	"3422"	"relative"	"4864"	"11 82 69 80 65 73 82 13 85 83 69 13 83 84 65 84 85 83 13 69 81 85 73 80"	"[0B]ＲＥＰＡＩＲ
ＵＳＥ
ＳＴＡＴＵＳ
ＥＱＵＩＰ"	""
"MAZE.X"	"36B6"	"relative"	"487D"	"143 67 151 157"	"修理"	""
"MAZE.X"	"36BE"	"relative"	"4882"	"30 213 198 175 196"	"ユニット"	""
"MAZE.X"	"36C6"	"relative"	"4888"	"166 142 232 198 147 252 218 207 188 192 161"	"を手に入れました。"	""
"MAZE.X"	"36E8"	"relative"	"4894"	"36 14 5 2 34"	"＄[0E][05][02][22]"	""
"MAZE.X"	"3706"	"relative"	"489A"	"30 180 200 217 131 77 176 192 221 184"	"エネルギータンク"	""
"MAZE.X"	"374E"	"relative"	"48A5"	"30 180 200 217 131 77 176 14 5 2 34"	"エネルギー[0E][05][02][22]"	""
"MAZE.X"	"37AC"	"relative"	"48B1"	"130 170 164 186 218 136 200 143 227 142 157 195 197 178 201 130 197 149 250 138 252 188 207 189 161"	"が、これ以上持てないので放棄します。"	""
"MAZE.X"	"3886"	"relative"	"48CB"	"130 197 189 161 5 32 142 103 151 112 188 197 178 13"	"です。[05]　使用しない
"	""
"MAZE.X"	"3898"	"relative"	"48DA"	"20 20 137 186 198 141 115 184 13"	"[14][14]下に行く
"	""
"MAZE.X"	"38A8"	"relative"	"48E4"	"20 20 143 227 198 141 115 184"	"[14][14]上に行く"	""
"MAZE.X"	"38CE"	"relative"	"48ED"	"12"	"
_
"	""
"MAZE.X"	"392C"	"relative"	"48EF"	"144 237 147 172 131 130 129 91 131 104 130 169 130 231 130 204 146 69 143 111 140 251 130 197 189 161 32 13 5 32 146 69 143 111 130 183 130 233 13 32 144 237 147 172 145 177 141 115"	"戦闘モードからの脱出口です。　
[05]　脱出する
　戦闘続行"	""
"MAZE.X"	"3954"	"relative"	"4920"	"12"	"
_
"	""
"MAZE.X"	"3CD2"	"relative"	"4922"	"12"	"
_
"	""
"MAZE.X"	"3FA4"	"relative"	"4924"	"148 189 137 158 130 170 177 216 207 190 221 161"	"反応がありません。"	""
"MAZE.X"	"4060"	"relative"	"406C"	"65 166 137 240 143 156 188 207 188 192 161"	"Ａを解除しました。"	""
"MAZE.X"	"4132"	"relative"	"4931"	"145 79 202 192 130 190 201 149 199 130 197 189 161"	"前はただの壁です。"	""
"MAZE.X"	"413C"	"relative"	"493F"	"186 201 149 199 198 202 164 131 90 131 147 131 84 176 130 170 148 189 137 158 188 207 190 221 161"	"この壁には、センサーが反応しません。"	""
"MAZE.X"	"4146"	"relative"	"4959"	"137 189 211 138 180 146 109 188 207 190 221 161"	"何も感知しません。"	""
"MAZE.X"	"4150"	"relative"	"4966"	"143 111 140 251 130 197 189 161"	"出口です。"	""
"MAZE.X"	"418A"	"relative"	"496F"	"138 74 149 250 145 149 146 117"	"開放装置"	""
"MAZE.X"	"4192"	"relative"	"41FE"	"65"	"Ａ"	""
"MAZE.X"	"419A"	"relative"	"4978"	"130 170 177 216 207 189 161"	"があります。"	""
"MAZE.X"	"41A4"	"relative"	"4980"	"147 93 145 151 145 149 146 117"	"転送装置"	""
"MAZE.X"	"41D2"	"relative"	"4989"	"137 189 182"	"何か"	""
"MAZE.X"	"41DC"	"relative"	"498D"	"30 189 192 176 184 217 176 131 85 176 30 130 197 189 161"	"スタークルーザーです。"	""
"MAZE.X"	"41E6"	"relative"	"499D"	"147 174 184 143 176"	"動く床"	""
"MAZE.X"	"41F0"	"relative"	"49A3"	"147 100 142 165 148 189 137 158"	"電磁反応"	""
"MAZE.X"	"4236"	"relative"	"49AC"	"11 5 78 97 109 101 13 32 13 68 101 102 101 110 99 101 32 112 111 119 101 114 13 32 13 65 116 116 97 99 107 32 112 111 119 101 114 13 32 13 80 114 105 99 101 13 32 13 70 111 114 109 97 116 105 111 110 7"	"[0B][05]Ｎａｍｅ
　
Ｄｅｆｅｎｃｅ　ｐｏｗｅｒ
　
Ａｔｔａｃｋ　ｐｏｗｅｒ
　
Ｐｒｉｃｅ
　
Ｆｏｒｍａｔｉｏｎ[07]"	""
"MAZE.X"	"429E"	"relative"	"49E7"	"63 63 63"	"？？？"	""
"MAZE.X"	"42C0"	"relative"	"49EB"	"9 1 3 14 5 2 34"	"[09][01][03][0E][05][02][22]"	""
"MAZE.X"	"42D6"	"relative"	"49F3"	"9 1 5 14 5 2 34"	"[09][01][05][0E][05][02][22]"	""
"MAZE.X"	"42F2"	"relative"	"49FB"	"9 1 7 36 15 5 2 34"	"[09][01][07]＄[0F][05][02][22]"	""
"MAZE.X"	"4310"	"relative"	"4A04"	"9 1 9 16 2 34 32 86 111 108 117 109 101"	"[09][01][09][10][02][22]　Ｖｏｌｕｍｅ"	""
"MAZE.X"	"443E"	"relative"	"4A12"	"13"	"
"	""
"MAZE.X"	"444C"	"relative"	"4A14"	"131 81 176 131 103"	"ゲート"	""
"MAZE.X"	"4456"	"relative"	"4A1A"	"30 180 218 131 120 176 192 176"	"エレベーター"	""
"USEITEM.X"	"0A22"	"relative"	"2662"	"131 86 129 91 131 139 131 104 166 149 226 139 173 130 183 130 233 130 201 130 205 13 131 71 131 108 131 139 131 77 129 91 130 170 149 115 145 171 188 195 178 207 189 161 13"	"シールドを補強するには
エネルギーが不足しています。
"	""
"USEITEM.X"	"0A30"	"relative"	"2690"	"140 204 143 225 188 195 178 217 143 138 202 177 216 207 190 221 161 13"	"故障している所はありません。
"	""
"USEITEM.X"	"0A80"	"relative"	"26A3"	"83 72 73 69 76 68 13"	"ＳＨＩＥＬＤ
"	""
"USEITEM.X"	"0A9A"	"relative"	"26AB"	"82 65 68 65 82 13"	"ＲＡＤＡＲ
"	""
"USEITEM.X"	"0AAE"	"relative"	"26B2"	"69 78 71 73 78 69 13"	"ＥＮＧＩＮＥ
"	""
"USEITEM.X"	"0AC2"	"relative"	"26BA"	"78 65 86 73 71 65 84 79 82 13"	"ＮＡＶＩＧＡＴＯＲ
"	""
"USEITEM.X"	"0AD6"	"relative"	"26C5"	"87 69 65 80 79 78 13"	"ＷＥＡＰＯＮ
"	""
"USEITEM.X"	"0AEA"	"relative"	"26CD"	"70 85 69 76 32 84 65 78 75 13"	"ＦＵＥＬ　ＴＡＮＫ
"	""
"USEITEM.X"	"0AFE"	"relative"	"26D8"	"67 65 82 71 79 32 82 79 79 77"	"ＣＡＲＧＯ　ＲＯＯＭ"	""
"USEITEM.X"	"0B16"	"relative"	"26E3"	"13 69 88 73 84"	"
ＥＸＩＴ"	""
"USEITEM.X"	"0C08"	"relative"	"26E9"	"143 67 151 157 131 134 131 106 131 98 131 103 130 170 130 160 130 232 130 220 130 185 130 241 129 66 13"	"修理ユニットがありません。
"	""
"USEITEM.X"	"0C90"	"relative"	"2705"	"142 103 151 112 143 111 151 136 130 233 131 65 131 67 131 101 131 128 166 142 157 175 195 178 207 190 221 161 13"	"使用出来るアイテムを持っていません。
"	""
"USEITEM.X"	"0D8C"	"relative"	"2723"	"140 195 145 227 149 186 138 237 130 240 141 236 147 174 130 179 130 185 130 233 130 201 130 205 129 65 13 131 71 131 108 131 139 131 77 129 91 130 170 149 115 145 171 188 195 178 207 189 161 13"	"古代兵器を作動させるには、
エネルギーが不足しています。
"	""
"USEITEM.X"	"0DAE"	"relative"	"2756"	"166 142 103 178 164 51 48 48 48 48"	"を使い、３００００"	""
"USEITEM.X"	"0DEA"	"relative"	"2761"	"147 167 137 223 149 199 131 90 131 147 131 84 130 240 141 236 147 174 130 179 130 185 130 233 130 201 130 205 129 65 13 131 71 131 108 131 139 131 77 129 91 130 170 149 115 145 171 188 195 178 207 189 161 13"	"透過壁センサを作動させるには、
エネルギーが不足しています。
"	""
"USEITEM.X"	"0E00"	"relative"	"2798"	"147 167 137 223 149 199 130 204 131 88 131 76 131 131 131 106 131 147 131 79 130 240 138 74 142 110 129 65 53 48 48"	"透過壁のスキャニングを開始、５００"	""
"USEITEM.X"	"0E24"	"relative"	"27B8"	"141 122 144 206 137 193 141 72 139 64 166 164 145 149 148 245 188 195 178 207 190 221 161 13"	"鉱石加工機を、装備していません。
"	""
"USEITEM.X"	"0E30"	"relative"	"27D1"	"141 161 201 145 149 148 245 130 197 202 137 193 141 72"	"今の装備では加工"	""
"USEITEM.X"	"0E6E"	"relative"	"031A"	"143 100 144 133 145 102 141 122 144 206"	"重水素鉱石"	""
"USEITEM.X"	"0E76"	"relative"	"0E80"	"14 2 2 34 140 194 166 131 71 131 108 131 139 131 77 129 91 198 147 93 138 183 188 207 188 192 161 13"	"[0E][02][02][22]個をエネルギーに転換しました。
"	""
"USEITEM.X"	"0EB4"	"relative"	"032A"	"139 224 145 174 141 122 144 206"	"金属鉱石"	""
"USEITEM.X"	"0EC8"	"relative"	"02FA"	"143 67 151 157 131 134 131 106 131 98 131 103"	"修理ユニット"	""
"USEITEM.X"	"0EDC"	"relative"	"02FA"	"143 67 151 157 131 134 131 106 131 98 131 103"	"修理ユニット"	""
"USEITEM.X"	"0F16"	"relative"	"27E0"	"166 141 236 217 198 202 164"	"を作るには、"	""
"USEITEM.X"	"0F6E"	"relative"	"27E8"	"166 49 140 194 144 187 145 162 188 207 188 192 161 13"	"を１個製造しました。
"	""
"USEITEM.X"	"0F7A"	"relative"	"27F7"	"202 164 186 218 136 200 143 227 142 157 195 207 190 221 161"	"は、これ以上持てません。"	""
"USEITEM.X"	"0FD0"	"relative"	"1138"	"10 131 86 129 91 131 139 131 104 129 64 58 14 33 9 142 32 32 32 40 141 197 145 229 49 48 41 13 131 71 131 108 131 139 131 77 129 91 58 15 36 2 34 40 141 197 145 229 49 48 48 48 48 41 13 143 138 142 157 139 224 138 122 129 64 58 36 15 7 9 170 7 13 11 32 13 32 32 32 32 32 32 82 65 68 65 82 58 13 32 13 32 32 32 32 32 69 78 71 73 78 69 58 13 32 13 32 32 78 65 86 73 71 65 84 79 82 58 13 32 13 32 32 32 32 32 87 69 65 80 79 78 58 13 32 13 32 32 70 85 69 76 32 84 65 78 75 58 13 32 13 32 67 65 82 71 79 32 82 79 79 77 58 10"	"[0A]シールド　：[0E][21][09][8E]　　　（最大１０）
エネルギー：[0F][24][02][22]（最大１００００）
所持金額　：＄[0F][07][09][AA][07]
[0B]　
　　　　　　ＲＡＤＡＲ：
　
　　　　　ＥＮＧＩＮＥ：
　
　　ＮＡＶＩＧＡＴＯＲ：
　
　　　　　ＷＥＡＰＯＮ：
　
　　ＦＵＥＬ　ＴＡＮＫ：
　
　ＣＡＲＧＯ　ＲＯＯＭ：[0A]"	""
"USEITEM.X"	"0FFA"	"relative_lea"	"11E4"	"2 145 185 143 157 7"	"[02]損傷[07]"	""
"USEITEM.X"	"1020"	"relative_lea"	"11E4"	"2 145 185 143 157 7"	"[02]損傷[07]"	""
"USEITEM.X"	"103E"	"relative_lea"	"11E4"	"2 145 185 143 157 7"	"[02]損傷[07]"	""
"USEITEM.X"	"1064"	"relative_lea"	"11E4"	"2 145 185 143 157 7"	"[02]損傷[07]"	""
"USEITEM.X"	"1082"	"relative_lea"	"11E4"	"2 145 185 143 157 7"	"[02]損傷[07]"	""
"USEITEM.X"	"10A0"	"relative_lea"	"11E4"	"2 145 185 143 157 7"	"[02]損傷[07]"	""
"USEITEM.X"	"10B0"	"relative"	"2807"	"31 12"	"[1F]
_
"	""
"USEITEM.X"	"10C6"	"relative"	"280A"	"145 185 143 157 137 211 143 138 166 143 67 151 157 188 195 137 186 187 178 161 13"	"損傷箇所を修理して下さい。
"	""
"USEITEM.X"	"10D6"	"relative"	"2820"	"131 71 131 108 131 139 131 77 129 91 130 170 149 115 145 171 188 195 178 207 189 161 13"	"エネルギーが不足しています。
"	""
"USEITEM.X"	"112C"	"relative"	"2838"	"13"	"
"	""
"USEITEM.X"	"123C"	"relative"	"283A"	"13"	"
"	""
"USEITEM.X"	"13A6"	"relative"	"283C"	"30 213 198 175 196 130 204 180 200 217 131 77 176 30 166 143 193 148 239 188 207 188 192 161 13"	"ユニットのエネルギーを消費しました。
"	""
"USEITEM.X"	"1494"	"relative"	"2856"	"129 126 16 2 34"	"×[10][02][22]"	""
"USEITEM.X"	"14BA"	"relative"	"285C"	"143 111 151 136 207 190 221 161 13"	"出来ません。
"	""
"USEITEM.X"	"14C6"	"relative"	"2866"	"130 170 149 115 145 171 188 195 178 207 189 161 13"	"が不足しています。
"	""
"USEITEM.X"	"150E"	"relative"	"2874"	"11 87 69 65 80 79 78 40 66 69 65 77 41 13 87 69 65 80 79 78 40 77 73 83 83 73 76 69 41 13 69 78 71 73 78 69 13 83 72 73 69 76 68 13 82 65 68 65 82 13"	"[0B]ＷＥＡＰＯＮ（ＢＥＡＭ）
ＷＥＡＰＯＮ（ＭＩＳＳＩＬＥ）
ＥＮＧＩＮＥ
ＳＨＩＥＬＤ
ＲＡＤＡＲ
"	""
"USEITEM.X"	"1520"	"relative"	"28A7"	"66 69 65 77 32 66 79 79 83 84 69 82 13"	"ＢＥＡＭ　ＢＯＯＳＴＥＲ
"	""
"USEITEM.X"	"152E"	"relative"	"28B5"	"67 79 78 86 69 82 84 69 82 13"	"ＣＯＮＶＥＲＴＥＲ
"	""
"USEITEM.X"	"159E"	"relative"	"28C0"	"131 114 176 131 128"	"ビーム"	""
"USEITEM.X"	"15A6"	"relative"	"28C6"	"66 69 65 77 83"	"ＢＥＡＭＳ"	""
"USEITEM.X"	"15CE"	"relative"	"28CC"	"131 126 131 84 131 67 131 139"	"ミサイル"	""
"USEITEM.X"	"15D6"	"relative"	"28D5"	"77 73 83 83 73 76 69 83"	"ＭＩＳＳＩＬＥＳ"	""
"USEITEM.X"	"1600"	"relative"	"28DE"	"131 71 131 147 131 87 131 147"	"エンジン"	""
"USEITEM.X"	"1608"	"relative"	"28E7"	"69 78 71 73 78 69 83"	"ＥＮＧＩＮＥＳ"	""
"USEITEM.X"	"162E"	"relative"	"28EF"	"131 86 176 131 139 131 104"	"シールド"	""
"USEITEM.X"	"1636"	"relative"	"28F7"	"83 72 73 69 76 68 83"	"ＳＨＩＥＬＤＳ"	""
"USEITEM.X"	"167E"	"relative"	"28FF"	"131 140 176 131 95 176"	"レーダー"	""
"USEITEM.X"	"1686"	"relative"	"2906"	"82 65 68 65 82 83"	"ＲＡＤＡＲＳ"	""
"USEITEM.X"	"16AA"	"relative"	"290D"	"131 114 176 131 128 131 117 176 131 88 131 94 176"	"ビームブースター"	""
"USEITEM.X"	"16B2"	"relative"	"291B"	"66 46 66 79 79 83 84 69 82 83"	"Ｂ．ＢＯＯＳＴＥＲＳ"	""
"USEITEM.X"	"16D6"	"relative"	"2926"	"141 122 144 206 137 193 141 72 139 64"	"鉱石加工機"	""
"USEITEM.X"	"16DE"	"relative"	"2931"	"67 79 78 86 69 82 84 69 82 83"	"ＣＯＮＶＥＲＴＥＲＳ"	""
"USEITEM.X"	"1734"	"relative"	"293C"	"166 142 157 175 195 178 207 190 221 161 13"	"を持っていません。
"	""
"USEITEM.X"	"1858"	"relative"	"2948"	"145 68 145 204 166 137 252 145 162 188 197 185 218 130 206 145 149 148 245"	"船体を改造しなければ装備"	""
"USEITEM.X"	"1868"	"relative"	"295C"	"138 249 198 145 149 148 245 188 195 178 207 189 161 13"	"既に装備しています。
"	""
"USEITEM.X"	"1894"	"relative"	"296B"	"166 145 149 148 245 188 207 188 192 161 13"	"を装備しました。
"	""
"USEITEM.X"	"18BE"	"relative"	"2977"	"166"	"を"	""
"USEITEM.X"	"18D4"	"relative"	"2979"	"198 149 207 141 88 188 207 189 161 13"	"に変更します。
"	""
"USEITEM.X"	"1AC4"	"relative"	"1AD6"	"131 140 131 120 131 139 49 136 200 143 227 201 30 177 197 215 178 30 131 85 130 170 150 179 178 196 148 187 147 199"	"レベル１以上のアナライザが無いと判読"	""
"USEITEM.X"	"1ACC"	"relative"	"2994"	"143 111 151 136 207 190 221 161 13"	"出来ません。
"	""
"USEITEM.X"	"1B34"	"relative"	"299E"	"137 189 211 139 76 152 94 187 218 195 178 207 190 221 161 13"	"何も記録されていません。
"	""
"USEITEM.X"	"1B6E"	"relative"	"29AF"	"9 0 4 129 171 129 170 130 197 145 188 130 240 145 73 145 240 188 164 13 82 69 84 130 197 149 92 142 166 164 69 83 67 130 197 143 73 151 185 188 207 189 161 9 0 0 5"	"[09][00][04]↓↑で他を選択し、
ＲＥＴで表示、ＥＳＣで終了します。[09][00][00][05]"	""
"USEITEM.X"	"1C7C"	"relative"	"29DF"	"5 129 154 129 154 32 131 102 176 131 94 201 131 141 176 131 104 165 131 90 176 131 117 32 129 154 129 154 13 32 13 4 32 129 154 7 131 102 176 131 94 166 131 141 176 131 104 189 217 161 13 6 32 129 154 7 131 102 176 131 94 166 131 90 176 131 117 189 217 161"	"[05]★★　データのロード・セーブ　★★
　
[04]　★[07]データをロードする。
[06]　★[07]データをセーブする。"	""
"USEITEM.X"	"1CBC"	"relative"	"2A26"	"10 131 102 176 131 94 166 131 141 176 131 104 188 207 189 161 13 32 13"	"[0A]データをロードします。
　
"	""
"USEITEM.X"	"1D12"	"relative"	"2A3A"	"10 131 141 176 131 104 130 170 181 220 216 207 188 192 161 13 32 13"	"[0A]ロードがおわりました。
　
"	""
"USEITEM.X"	"1D60"	"relative"	"2A4D"	"10 186 201 131 102 131 66 131 88 131 78 202 164 131 141 176 131 104 143 111 151 136 207 190 221 161 13"	"[0A]このディスクは、ロード出来ません。
"	""
"USEITEM.X"	"1D78"	"relative"	"2A69"	"10 186 201 131 102 176 131 94 202 136 217 143 237 130 197 189 161"	"[0A]このデータは異常です。"	""
"USEITEM.X"	"1D8C"	"relative"	"2A7B"	"10 131 102 176 131 94 166 131 90 176 131 117 188 207 189 161 13 32 13"	"[0A]データをセーブします。
　
"	""
"USEITEM.X"	"1DC4"	"relative"	"2A8F"	"7 10 144 86 188 178 131 102 131 66 131 88 131 78 198 147 111 152 94 166 142 110 210 207 189 161 13"	"[07][0A]新しいディスクに登録を始めます。
"	""
"USEITEM.X"	"1E08"	"relative"	"2AAB"	"7 10 131 90 176 131 117 130 170 181 220 216 207 188 192 161 13 32 13"	"[07][0A]セーブがおわりました。
　
"	""
"USEITEM.X"	"1EBA"	"relative"	"2ABF"	"131 134 129 91 131 85 129 91 131 102 131 66 131 88 131 78 130 240 131 90 131 98 131 103 130 181 130 196 129 65 13"	"ユーザーディスクをセットして、
"	""
"USEITEM.X"	"1F90"	"relative"	"2ADF"	"130 97 131 102 131 66 131 88 131 78 130 240 131 90 131 98 131 103 130 181 130 196 129 65 13"	"Ｂディスクをセットして、
"	""
"USEITEM.X"	"20A4"	"relative"	"2AF9"	"6 42 42 42 42 42 42 42 42 42 42 42 42 32 77 65 75 69 32 78 69 87 32 70 73 76 69 32 42 42 42 42 42 42 42 42 42 42 42 42 42 7"	"[06]＊＊＊＊＊＊＊＊＊＊＊＊　ＭＡＫＥ　ＮＥＷ　ＦＩＬＥ　＊＊＊＊＊＊＊＊＊＊＊＊＊[07]"	""
"USEITEM.X"	"2352"	"relative"	"2B24"	"131 116 131 64 131 67 131 139 150 188 130 240 147 252 151 205 130 181 130 196 137 186 130 179 130 162 129 66 13 62"	"ファイル名を入力して下さい。
＞"	""
"USEITEM.X"	"260A"	"relative"	"2B43"	"12"	"
_
"	""
